[{ "name" : "Romaine Lettuce" , "smallPictureName" :  "25romaine" , "largePictureName" : "300romaine" , "descriptionFileName" : "romaine", "price" : 3 , "unit" : "each" },
{ "name" : "Green Leaf Lettuce" , "smallPictureName" :  "25greenleaf" , "largePictureName" : "300greenleaf" , "descriptionFileName" : "greenleaf" , "price" : 3 , "unit" : "each"},
{ "name" : "Red Leaf Lettuce" , "smallPictureName" :  "25redleaf" , "largePictureName" : "300redleaf" , "descriptionFileName" : "redleaf" , "price" : 3 , "unit" : "each"},
{ "name" : "Red Beets" , "smallPictureName" :  "25redbeets" , "largePictureName" : "300redbeets" , "descriptionFileName" : "redbeets" , "price" : 3 , "unit" : "bunch"},
{ "name" : "Golden Beets" , "smallPictureName" :  "25goldenbeets" , "largePictureName" : "300goldenbeets" , "descriptionFileName" : "goldenbeets" , "price" : 3 , "unit" : "bunch"},
{ "name" : "Radishes" , "smallPictureName" :  "25radish" , "largePictureName" : "300radish" , "descriptionFileName" : "radish" , "price" : 3 , "unit" : "bunch"},
{ "name" : "Celery" , "smallPictureName" :  "25celery" , "largePictureName" : "300celery" , "descriptionFileName" : "celery" , "price" : 2 , "unit" : "each"},
{ "name" : "Candy Onions" , "smallPictureName" :  "25candyonion" , "largePictureName" : "300candyonion" , "descriptionFileName" : "candyonion" , "price" : 5 , "unit" : "bunch"},
{ "name" : "Red Onions" , "smallPictureName" :  "25redonion" , "largePictureName" : "300redonion" , "descriptionFileName" : "redonion" , "price" : 5 , "unit" : "bunch"},
{ "name" : "Green Zucchini" , "smallPictureName" :  "25greenzucchini" , "largePictureName" : "300greenzucchini" , "descriptionFileName" : "greenzucchini" , "price" : 1 , "unit" : "each"},
{ "name" : "Yellow Zucchini" , "smallPictureName" :  "25yellowzucchini" , "largePictureName" : "300yellowzucchini" , "descriptionFileName" : "yellowzucchini" , "price" : 1 , "unit" : "each"},
{ "name" : "Mexican Zucchini" , "smallPictureName" :  "25mexicanzucchini" , "largePictureName" : "300mexicanzucchini" , "descriptionFileName" : "mexicanzucchini" , "price" : 1 , "unit" : "each"},
{ "name" : "Edamame" , "smallPictureName" :  "25edamame" , "largePictureName" : "300edamame" , "descriptionFileName" : "edamame" , "price" : 5 , "unit" : "bunch"},
{ "name" : "Carrots" , "smallPictureName" :  "25carrots" , "largePictureName" : "300carrots" , "descriptionFileName" : "carrots" , "price" : 3 , "unit" : "bunch"},
{ "name" : "Broccoli" , "smallPictureName" :  "25broccoli" , "largePictureName" : "300broccoli" , "descriptionFileName" : "broccoli" , "price" : 2 , "unit" : "each"},
{ "name" : "Cauliflower" , "smallPictureName" :  "25cauliflower" , "largePictureName" : "300cauliflower" , "descriptionFileName" : "cauliflower" , "price" : 3 , "unit" : "each"},
{ "name" : "Green Pepper" , "smallPictureName" :  "25bellpepper" , "largePictureName" : "300bellpepper" , "descriptionFileName" : "bellpepper" , "price" : 1 , "unit" : "each"},
{ "name" : "Carmen Sweet Pepper" , "smallPictureName" :  "25sweetpepper" , "largePictureName" : "300sweetpepper" , "descriptionFileName" : "sweetpepper" , "price" : 1 , "unit" : "each"},
{ "name" : "Jalapeno Pepper" , "smallPictureName" :  "25jalapeno" , "largePictureName" : "300jalapeno" , "descriptionFileName" : "jalapeno" , "price" : 3 , "unit" : "quart"},
{ "name" : "Roma Tomato" , "smallPictureName" :  "25romatomato" , "largePictureName" : "300romatomato" , "descriptionFileName" : "romatomato" , "price" : 3 , "unit" : "quart"},
{ "name" : "Globe Tomato" , "smallPictureName" :  "25globetomato" , "largePictureName" : "300globetomato" , "descriptionFileName" : "globetomato" , "price" : 3 , "unit" : "quart"},
{ "name" : "Heirloom Tomato" , "smallPictureName" :  "25heirloomtomato" , "largePictureName" : "300heirloomtomato" , "descriptionFileName" : "heirloomtomato" , "price" : 5 , "unit" : "quart"},
{ "name" : "Sugar Cube Melon" , "smallPictureName" :  "25sugarcubes" , "largePictureName" : "300sugarcubes" , "descriptionFileName" : "sugarcubes" , "price" : 2 , "unit" : "each"},
{ "name" : "Athena Melon" , "smallPictureName" :  "25athenamelon" , "largePictureName" : "300athenamelon" , "descriptionFileName" : "athenamelon" , "price" : 3 , "unit" : "each"},
{ "name" : "Seeded Red Watermelon" , "smallPictureName" :  "25seededredwatermelon" , "largePictureName" : "300seededredwatermelon" , "descriptionFileName" : "seededredwatermelon" , "price" : 5 , "unit" : "each"},
{ "name" : "Seedless Red Watermelon" , "smallPictureName" :  "25seedlessredwatermelon" , "largePictureName" : "300seedlessredwatermelon" , "descriptionFileName" : "seedlessredwatermelon" , "price" : 5 , "unit" : "each"},
{ "name" : "Seedless Orange Watermelon" , "smallPictureName" :  "25seedlessorangewatermelon" , "largePictureName" : "300seedlessorangewatermelon" , "descriptionFileName" : "seedlessorangewatermelon" , "price" : 5 , "unit" : "each"},
{ "name" : "Acorn Squash" , "smallPictureName" :  "25acornsquash" , "largePictureName" : "300acornsquash" , "descriptionFileName" : "acornsquash" , "price" : 2 , "unit" : "each"},
{ "name" : "Butternut Squash" , "smallPictureName" :  "25butternutsquash" , "largePictureName" : "300butternutsquash" , "descriptionFileName" : "butternutsquash" , "price" : 2 , "unit" : "each"},
{ "name" : "Spaghetti Squash" , "smallPictureName" :  "25spaghettisquash" , "largePictureName" : "300spaghettisquash" , "descriptionFileName" : "spaghettisquash" , "price" : 2 , "unit" : "each"}]
